/*
Navicat MySQL Data Transfer

Source Server         : localhost_3306
Source Server Version : 100113
Source Host           : localhost:3306
Source Database       : tintuc

Target Server Type    : MYSQL
Target Server Version : 100113
File Encoding         : 65001

Date: 2017-03-21 17:46:16
*/

SET FOREIGN_KEY_CHECKS=0;

-- ----------------------------
-- Table structure for category
-- ----------------------------
DROP TABLE IF EXISTS `category`;
CREATE TABLE `category` (
  `id` int(11) NOT NULL AUTO_INCREMENT,
  `name` varchar(200) NOT NULL,
  `parent_id` int(10) NOT NULL,
  PRIMARY KEY (`id`),
  KEY `id` (`id`)
) ENGINE=InnoDB AUTO_INCREMENT=77 DEFAULT CHARSET=utf8;

-- ----------------------------
-- Records of category
-- ----------------------------
INSERT INTO `category` VALUES ('46', 'Thế Giới', '0');
INSERT INTO `category` VALUES ('47', 'Quân Sự', '46');
INSERT INTO `category` VALUES ('48', 'Tư liệu', '46');
INSERT INTO `category` VALUES ('49', 'Phân tích', '46');
INSERT INTO `category` VALUES ('50', 'Kinh Doanh', '0');
INSERT INTO `category` VALUES ('51', 'Doanh Nghiệp', '50');
INSERT INTO `category` VALUES ('52', 'Bất Động Sản', '50');
INSERT INTO `category` VALUES ('53', 'Hàng Hóa', '50');
INSERT INTO `category` VALUES ('54', 'Khởi Nghiệp', '50');
INSERT INTO `category` VALUES ('55', 'Chứng Khoán', '50');
INSERT INTO `category` VALUES ('57', 'Giải Trí', '0');
INSERT INTO `category` VALUES ('58', 'Thời Trang', '57');
INSERT INTO `category` VALUES ('59', 'Phim', '57');
INSERT INTO `category` VALUES ('60', 'Sách', '57');
INSERT INTO `category` VALUES ('61', 'Nhạc', '57');
INSERT INTO `category` VALUES ('62', 'Thể Thao', '0');
INSERT INTO `category` VALUES ('63', 'Bóng Đá', '62');
INSERT INTO `category` VALUES ('64', 'Tennis', '62');
INSERT INTO `category` VALUES ('65', 'Pháp Luật', '0');
INSERT INTO `category` VALUES ('66', 'Hồ Sơ phá án', '65');
INSERT INTO `category` VALUES ('67', 'Tư Vấn', '65');
INSERT INTO `category` VALUES ('68', 'Giáo Dục', '0');
INSERT INTO `category` VALUES ('69', 'Khoa Học', '0');
INSERT INTO `category` VALUES ('70', 'Môi Trường', '69');
INSERT INTO `category` VALUES ('71', 'Công Nghệ Mới', '69');
INSERT INTO `category` VALUES ('72', 'Hỏi - Đáp', '69');
INSERT INTO `category` VALUES ('73', 'Chuyện Lạ', '69');
INSERT INTO `category` VALUES ('74', 'Số Hóa', '0');
INSERT INTO `category` VALUES ('75', 'Sản phẩm', '74');
INSERT INTO `category` VALUES ('76', 'Đánh Giá', '74');

-- ----------------------------
-- Table structure for comment
-- ----------------------------
DROP TABLE IF EXISTS `comment`;
CREATE TABLE `comment` (
  `id` int(11) NOT NULL AUTO_INCREMENT,
  `news_id` int(11) NOT NULL,
  `user_id` int(11) NOT NULL,
  `date_create` datetime NOT NULL DEFAULT CURRENT_TIMESTAMP ON UPDATE CURRENT_TIMESTAMP,
  `content` varchar(255) NOT NULL,
  PRIMARY KEY (`id`),
  KEY `fk_comment_news` (`news_id`),
  KEY `fk_comment_user` (`user_id`),
  CONSTRAINT `fk_comment_news` FOREIGN KEY (`news_id`) REFERENCES `news` (`id`) ON DELETE CASCADE,
  CONSTRAINT `fk_comment_user` FOREIGN KEY (`user_id`) REFERENCES `user` (`id`) ON DELETE CASCADE
) ENGINE=InnoDB AUTO_INCREMENT=47 DEFAULT CHARSET=latin1;

-- ----------------------------
-- Records of comment
-- ----------------------------
INSERT INTO `comment` VALUES ('1', '42', '1', '2017-03-21 14:58:30', 'test');
INSERT INTO `comment` VALUES ('2', '42', '12', '2017-03-21 16:09:17', 'test 2');
INSERT INTO `comment` VALUES ('8', '42', '12', '2017-03-21 16:43:15', 'ssadasdasds');
INSERT INTO `comment` VALUES ('9', '42', '12', '2017-03-21 16:43:19', 'sdadadd12x2e21');
INSERT INTO `comment` VALUES ('10', '42', '12', '2017-03-21 16:43:23', 'x21d4142d12d41');
INSERT INTO `comment` VALUES ('11', '42', '12', '2017-03-21 16:43:27', 'd1421z1212z');
INSERT INTO `comment` VALUES ('12', '42', '1', '2017-03-21 16:55:00', '123');
INSERT INTO `comment` VALUES ('13', '42', '1', '2017-03-21 16:58:25', '321');
INSERT INTO `comment` VALUES ('14', '42', '1', '2017-03-21 16:58:57', 'abc');
INSERT INTO `comment` VALUES ('15', '42', '1', '2017-03-21 17:01:32', 'asdsadasdsa');
INSERT INTO `comment` VALUES ('16', '42', '1', '2017-03-21 17:03:00', '132');
INSERT INTO `comment` VALUES ('17', '42', '1', '2017-03-21 17:03:10', 'sad21eee');
INSERT INTO `comment` VALUES ('27', '42', '16', '2017-03-21 17:22:52', 'asdsadasd');
INSERT INTO `comment` VALUES ('28', '42', '16', '2017-03-21 17:22:55', 'asda');
INSERT INTO `comment` VALUES ('30', '42', '3', '2017-03-21 17:27:58', 'sdsadasdasd\nsadasd');
INSERT INTO `comment` VALUES ('32', '42', '3', '2017-03-21 17:31:03', 'sdadsadsadsad');
INSERT INTO `comment` VALUES ('33', '42', '3', '2017-03-21 17:31:08', 'sdasda');
INSERT INTO `comment` VALUES ('34', '42', '3', '2017-03-21 17:31:13', 'wewadwqd');
INSERT INTO `comment` VALUES ('35', '42', '3', '2017-03-21 17:31:42', 'sadasdasd');
INSERT INTO `comment` VALUES ('36', '42', '3', '2017-03-21 17:31:58', 'asdasdad');
INSERT INTO `comment` VALUES ('37', '42', '3', '2017-03-21 17:32:44', 'aaaaaa');
INSERT INTO `comment` VALUES ('38', '42', '3', '2017-03-21 17:33:15', 'aaaa2');
INSERT INTO `comment` VALUES ('39', '42', '3', '2017-03-21 17:35:07', 'dasdsadasdas');
INSERT INTO `comment` VALUES ('40', '42', '3', '2017-03-21 17:40:19', 'sadsadasdsad');
INSERT INTO `comment` VALUES ('41', '42', '3', '2017-03-21 17:41:40', 'asdsadas\n\nasdas');
INSERT INTO `comment` VALUES ('42', '41', '3', '2017-03-21 17:42:44', 'test 1');
INSERT INTO `comment` VALUES ('43', '41', '3', '2017-03-21 17:44:02', 'sadsadasd');
INSERT INTO `comment` VALUES ('44', '41', '3', '2017-03-21 17:44:08', '21x332131');
INSERT INTO `comment` VALUES ('45', '41', '3', '2017-03-21 17:44:14', 'sajdjhskajdhasjkdhasjkdshalkdaskdklsakd');
INSERT INTO `comment` VALUES ('46', '41', '3', '2017-03-21 17:44:17', '2x21x');

-- ----------------------------
-- Table structure for news
-- ----------------------------
DROP TABLE IF EXISTS `news`;
CREATE TABLE `news` (
  `id` int(11) NOT NULL AUTO_INCREMENT,
  `title` varchar(200) NOT NULL,
  `author` varchar(200) DEFAULT NULL,
  `intro` text NOT NULL,
  `content` text,
  `image` varchar(200) DEFAULT NULL,
  `status` tinyint(1) NOT NULL DEFAULT '1',
  `time_news` int(10) NOT NULL,
  `category_id` int(10) NOT NULL,
  PRIMARY KEY (`id`),
  KEY `pk_nes-cat` (`category_id`),
  CONSTRAINT `pk_nes-cat` FOREIGN KEY (`category_id`) REFERENCES `category` (`id`)
) ENGINE=InnoDB AUTO_INCREMENT=43 DEFAULT CHARSET=utf8;

-- ----------------------------
-- Records of news
-- ----------------------------
INSERT INTO `news` VALUES ('28', 'hghgfh', 'adsa', '<p>sdsad</p>\r\n', '<p>sadsad</p>\r\n', '1471025387_img-8678-1470992397_660x0.jpg', '1', '1471025452', '54');
INSERT INTO `news` VALUES ('29', 'hgfh', 'gfhgfh', '<p>gfh</p>\r\n', '<p>gfh</p>\r\n', '1471025465_game-of-thronesss-7021-1462438957.jpg', '1', '1471025465', '53');
INSERT INTO `news` VALUES ('30', 'sd', 'dsad', '<p>asd</p>\r\n', '<p>sad</p>\r\n', '1471059735_atrau-hoang-4-3711-1470987801.jpg', '1', '1471059735', '47');
INSERT INTO `news` VALUES ('31', 'sadsa', 'sad', '<p>asd</p>\r\n', '<p>sad</p>\r\n', '1471059747_creditcard500-1470986506_490x294.jpg', '1', '1471059747', '47');
INSERT INTO `news` VALUES ('32', 'sadsasadsa', 'sad', '<p>sad</p>\r\n', '<p>asd</p>\r\n', '1471059762_cao-oc-6296-1470977238.jpg', '1', '1471059762', '50');
INSERT INTO `news` VALUES ('33', 'sadasdsaddsad', 'sad', '<p>sadsa</p>\r\n', '<p>sadsad</p>\r\n', '1471059772_lqv-9618-1470983819.jpg', '1', '1471059772', '50');
INSERT INTO `news` VALUES ('34', 'asdsadsa', 'sadsad', '<p>sad</p>\r\n', '<p>sad</p>\r\n', '1471059779_cao-oc-6296-1470977238.jpg', '1', '1471059779', '57');
INSERT INTO `news` VALUES ('35', 'sadsad', 'sadsad', '<p>sadsad</p>\r\n', '<p>sadsad</p>\r\n', '1471070861_127723.jpg', '1', '1471070861', '58');
INSERT INTO `news` VALUES ('36', 'dsadasd - đã sửa', 'sadsad- đã sửa', '<p>sadsad- đ&atilde; sửa</p>\r\n', '<p>sadsads- đ&atilde; sửa</p>\r\n', '1471070980_gamecg_084.jpg', '1', '1471070980', '47');
INSERT INTO `news` VALUES ('37', 'sadsadasd', 'sadsad', '<p>sadsadsa</p>\r\n', '<p>sadsad</p>\r\n', '1471059808_untitled-1-1820-1470992867.jpg', '1', '1471059808', '64');
INSERT INTO `news` VALUES ('38', 'sadsasda', 'sadsad', '<p>sadsad</p>\r\n', '<p>sdsadsad</p>\r\n', '1471060354_atrau-hoang-4-3711-1470987801.jpg', '1', '1471060354', '53');
INSERT INTO `news` VALUES ('39', ' Trung tâm hành chính Đà Nẵng: vỏ bao che bằng kính không phù hợp  ', ' VIỆT HÙNG - HỮU KHÁ - ĐĂNG NAM', '<p>TTO - Trung t&acirc;m h&agrave;nh ch&iacute;nh (TTHC) TP Đ&agrave; Nẵng vừa x&acirc;y dựng chưa đầy 3 năm với tổng mức đầu tư hơn 2.000 tỉ đồng, nhưng lại đang c&oacute; chủ trương di dời. C&oacute; đ&uacute;ng như vậy?</p>\r\n', '<p>Theo một c&aacute;n bộ l&atilde;nh đạo TP Đ&agrave; Nẵng, chủ trương x&acirc;y dựng TTHC c&oacute; từ nhiệm kỳ 2006-2011 do cố b&iacute; thư Th&agrave;nh ủy Nguyễn B&aacute; Thanh khởi xướng. Đến th&aacute;ng 8-2007, Ch&iacute;nh phủ đồng &yacute; chủ trương x&acirc;y dựng TTHC với thiết kế như hiện nay.</p>\r\n\r\n<p>Theo đ&oacute;, t&ograve;a nh&agrave; cao 36 tầng (gồm 2 tầng hầm) tr&ecirc;n diện t&iacute;ch hơn 23.300m<sup>2</sup>. To&agrave;n bộ khối nh&agrave; cao 166,8m với tổng vốn đầu tư dự kiến 60 triệu USD (khoảng 950 tỉ đồng). Th&aacute;ng 9-2014, t&ograve;a nh&agrave; mới ho&agrave;n th&agrave;nh v&agrave; đưa v&agrave;o sử dụng với tổng kinh ph&iacute; x&acirc;y dựng l&ecirc;n 1.982 tỉ đồng. Mới đ&acirc;y, trong b&aacute;o c&aacute;o kiểm to&aacute;n năm 2015 của Kiểm to&aacute;n Nh&agrave; nước th&igrave; c&ocirc;ng tr&igrave;nh n&agrave;y c&oacute; vốn đầu tư hơn 2.131 tỉ đồng.</p>\r\n\r\n<p>T&ograve;a nh&agrave; vẫn đảm bảo  an to&agrave;n</p>\r\n\r\n<p>Trao đổi với <em>Tuổi Trẻ</em> ng&agrave;y  12-8, &ocirc;ng Th&aacute;i B&aacute; Cảnh, gi&aacute;m đốc Sở Khoa học - c&ocirc;ng nghệ, cho biết năm 2015 do c&oacute; một số phản ảnh về chuyện thiếu kh&iacute; tươi của t&ograve;a nh&agrave; th&igrave; TP đ&atilde; chỉ đạo sở l&agrave;m đ&aacute;nh gi&aacute;. Kết quả được b&aacute;o c&aacute;o v&agrave; từ đ&oacute; đến nay đều ổn. &ldquo;Trong sở t&ocirc;i chưa c&oacute; anh em n&agrave;o phản ảnh mệt hay kh&oacute; chịu g&igrave;. T&ocirc;i l&agrave; người lớn tuổi m&agrave; kh&ocirc;ng thấy m&igrave;nh ảnh hưởng sức khỏe&rdquo; - &ocirc;ng Cảnh cho hay.</p>\r\n\r\n<p>Li&ecirc;n quan đến chuyện di dời t&ograve;a nh&agrave;, &ocirc;ng Cảnh cho rằng đ&acirc;y l&agrave; vấn đề mới đặt ra để nghi&ecirc;n cứu, c&oacute; thể hiểu l&agrave; nghi&ecirc;n cứu c&ocirc;ng năng t&ograve;a nh&agrave; c&oacute; thể hiệu quả hơn khi sử dụng v&agrave;o một mục đ&iacute;ch kh&aacute;c, như th&agrave;nh lập trung t&acirc;m phần mềm ở đ&acirc;y. Ri&ecirc;ng việc c&oacute; di dời hay kh&ocirc;ng phải nghi&ecirc;n cứu rất c&ocirc;ng phu, c&oacute; đề &aacute;n mới trả lời được. &ldquo;L&agrave;m sao hiệu quả phải đặt l&ecirc;n h&agrave;ng đầu v&igrave; l&agrave; vốn ng&acirc;n s&aacute;ch. Hiện nay t&ograve;a nh&agrave; đang ph&aacute;t huy hiệu quả, tiện cho người d&acirc;n, cho c&ocirc;ng t&aacute;c cải c&aacute;ch th&igrave; mọi người thấy rất r&otilde;&rdquo; - &ocirc;ng Cảnh n&oacute;i.</p>\r\n\r\n<p>Li&ecirc;n quan đến vấn đề an to&agrave;n ch&aacute;y nổ, tho&aacute;t hiểm của t&ograve;a nh&agrave; TTHC, ph&oacute; gi&aacute;m đốc Cảnh s&aacute;t ph&ograve;ng ch&aacute;y v&agrave; chữa ch&aacute;y (PCCC) TP Đ&agrave; Nẵng L&ecirc; Ngọc Hai cho biết c&ocirc;ng tr&igrave;nh đ&atilde; được cấp c&oacute; thẩm quyền thẩm duyệt, đồng &yacute; đưa v&agrave;o sử dụng từ th&aacute;ng 7-2014. Đ&acirc;y l&agrave; c&ocirc;ng tr&igrave;nh trọng điểm, mỗi qu&yacute; sở đều cử đo&agrave;n kiểm tra một lần hệ thống PCCC v&agrave; c&aacute;c trang thiết bị, m&aacute;y m&oacute;c, nội quy, c&aacute;c quy định thực hiện c&ocirc;ng t&aacute;c PCCC. UBND TP cũng c&oacute; quyết định ph&ecirc; duyệt c&aacute;c phương &aacute;n xử l&yacute; ch&aacute;y nổ lớn.</p>\r\n\r\n<p>C&oacute; thiếu kh&iacute; tươi</p>\r\n\r\n<p>Trả lời c&acirc;u hỏi của <em>Tuổi Trẻ</em> về việc c&oacute; hay kh&ocirc;ng chuyện t&ograve;a nh&agrave; bị thiếu kh&iacute; tươi v&agrave; qu&aacute; n&oacute;ng, ch&aacute;nh văn ph&ograve;ng ki&ecirc;m người ph&aacute;t ng&ocirc;n của UBND TP Đ&agrave; Nẵng Trần Đ&igrave;nh Quỳnh x&aacute;c nhận: việc thiếu kh&iacute; tươi l&agrave; c&oacute; nhưng chỉ xảy ra tại những ph&ograve;ng họp c&oacute; sức chứa 40 - 100 người. &ldquo;Khi tổ chức c&aacute;c cuộc họp đ&ocirc;ng người, thời gian họp k&eacute;o d&agrave;i th&igrave; lượng CO<sub>2</sub> trong c&aacute;c ph&ograve;ng họp n&agrave;y vượt ngưỡng cho ph&eacute;p. Ngay khi ph&aacute;t hiện t&igrave;nh trạng n&agrave;y, l&atilde;nh đạo TP đề nghị Sở Khoa học - c&ocirc;ng nghệ v&agrave;o cuộc đo lưu lượng kh&iacute; tươi tại t&ograve;a nh&agrave;&rdquo; - &ocirc;ng Quỳnh cho biết.</p>\r\n\r\n<p>Theo &ocirc;ng Quỳnh, đợt lấy kh&iacute; tươi lần 1 diễn ra th&aacute;ng 11-2014 do Ph&acirc;n viện Bảo hộ lao động v&agrave; bảo vệ m&ocirc;i trường miền Trung thực hiện. Kết quả c&oacute; 13/14 mẫu kh&iacute; kh&ocirc;ng đạt theo chuẩn thiết kế, ngay sau đ&oacute; Ban quản l&yacute; dự &aacute;n x&acirc;y dựng TP Đ&agrave; Nẵng đ&atilde; y&ecirc;u cầu đơn vị thi c&ocirc;ng khắc phục, c&acirc;n chỉnh c&aacute;c họng lấy gi&oacute;.</p>\r\n\r\n<p>Đến đầu th&aacute;ng 5-2015, TP Đ&agrave; Nẵng y&ecirc;u cầu đo lại kh&iacute; tươi lần 2, lần n&agrave;y đơn vị thực hiện l&agrave; C&ocirc;ng ty CP Kiểm định kỹ thuật, an to&agrave;n v&agrave; tư vấn x&acirc;y dựng thực hiện bằng m&aacute;y đo Kimo-serial tại c&aacute;c tầng 14 v&agrave; 29. Kết quả cho thấy c&aacute;c khu vực đ&aacute;p ứng được y&ecirc;u cầu cấp lưu lượng kh&iacute; tươi so với thiết kế.</p>\r\n\r\n<p>Tuy nhi&ecirc;n, vẫn c&ograve;n một v&agrave;i khu vực (ph&ograve;ng họp) thi thoảng thiếu oxy do mật độ người tập trung đ&ocirc;ng. Để giải quyết dứt điểm vấn đề tr&ecirc;n, ng&agrave;y 23-5-2016 Chủ tịch UBND TP Đ&agrave; Nẵng Huỳnh Đức Thơ c&oacute; c&ocirc;ng văn thống nhất cho ph&eacute;p triển khai những giải ph&aacute;p nhằm tăng th&ecirc;m lượng kh&iacute; tươi v&agrave;o c&aacute;c ph&ograve;ng họp bằng c&aacute;ch lắp th&ecirc;m quạt th&ocirc;ng gi&oacute;, quạt h&uacute;t, điều chỉnh bổ sung hệ cửa k&iacute;nh nhằm lấy gi&oacute; từ b&ecirc;n ngo&agrave;i v&agrave;o.</p>\r\n\r\n<p>Ri&ecirc;ng chuyện t&ograve;a nh&agrave; qu&aacute; n&oacute;ng, &ocirc;ng Quỳnh cho rằng nguy&ecirc;n nh&acirc;n g&acirc;y n&oacute;ng l&agrave; do khối n&oacute;ng của hệ thống m&aacute;y điều h&ograve;a t&ograve;a nh&agrave; được đặt tập trung tại một tầng, khi nhiệt độ b&ecirc;n ngo&agrave;i tăng dẫn đến một số ph&ograve;ng b&ecirc;n trong t&ograve;a nh&agrave; bị n&oacute;ng theo.</p>\r\n\r\n<p>Vấn đề n&agrave;y đ&atilde; c&oacute; c&aacute;ch xử l&yacute; bằng việc lắp đặt th&ecirc;m hệ thống quạt th&ocirc;ng gi&oacute; tại tầng 32 giải nhiệt cho d&agrave;n n&oacute;ng v&agrave; đối lưu kh&ocirc;ng kh&iacute; trong k&ecirc;nh gi&oacute; n&oacute;ng, bổ sung tấm alu v&agrave; v&aacute;ch thạch cao trong k&ecirc;nh gi&oacute;... &ldquo;Hiện dự to&aacute;n đ&atilde; được ph&ecirc; duyệt, chỉ c&ograve;n chờ thi c&ocirc;ng&rdquo; - &ocirc;ng Quỳnh cho biết.</p>\r\n\r\n<p>Hạn chế mặt kỹ thuật, c&ocirc;ng năng</p>\r\n\r\n<p>Theo &ocirc;ng T&ocirc; H&ugrave;ng - trưởng Ban đ&ocirc; thị HĐND TP, ph&oacute; chủ tịch Hội Kiến tr&uacute;c sư TP Đ&agrave; Nẵng, việc di dời hay kh&ocirc;ng di dời TTHC l&agrave; một việc rất quan trọng cần phải được đề cập một c&aacute;ch khoa học.</p>\r\n\r\n<p>&ldquo;Theo t&ocirc;i, giải ph&aacute;p thiết kế c&ocirc;ng tr&igrave;nh mang t&iacute;nh biểu cảm cao về mặt thẩm mỹ, nhưng về mặt kỹ thuật việc sử dụng vỏ bao che diện t&iacute;ch lớn bằng k&iacute;nh chưa thật sự ph&ugrave; hợp với v&ugrave;ng kh&iacute; hậu nhiệt đới, nhất l&agrave; nơi c&oacute; số giờ nắng b&igrave;nh qu&acirc;n trong năm hơn 2.000 giờ như Đ&agrave; Nẵng.</p>\r\n\r\n<p>Đối với c&aacute;c tầng tr&ecirc;n cao, do thu nhỏ dần n&ecirc;n g&oacute;c chiếu mặt trời lớn tạo khả năng hấp thu bức xạ mặt trời cao. H&igrave;nh dạng mặt bằng t&ograve;a th&aacute;p được thiết kế với dạng h&igrave;nh tr&ograve;n, kh&aacute; bất lợi về mặt tiện nghi cho trụ sở l&agrave;m việc, kh&oacute; khăn cho việc ph&acirc;n chia v&agrave; bố tr&iacute; kh&ocirc;ng gian l&agrave;m việc&rdquo; - &ocirc;ng H&ugrave;ng cho biết.</p>\r\n\r\n<p>Đồng t&igrave;nh quan điểm đ&oacute;, KTS Ho&agrave;ng Quang Huy, chủ tịch Hội Quy hoạch ph&aacute;t triển đ&ocirc; thị Đ&agrave; Nẵng, cho rằng c&ocirc;ng tr&igrave;nh n&agrave;y kh&ocirc;ng ph&ugrave; hợp với điều kiện l&agrave;m việc của Việt Nam. Lắp k&iacute;nh từ dưới l&ecirc;n tr&ecirc;n, phủ hết tất cả t&ograve;a nh&agrave; g&acirc;y n&ecirc;n độ n&oacute;ng v&agrave; hiệu ứng nh&agrave; k&iacute;nh. Trước đ&acirc;y từng c&oacute; &yacute; kiến phản biện của Hội đồng kiến tr&uacute;c quy hoạch TP cho rằng c&ocirc;ng tr&igrave;nh c&oacute; kiến tr&uacute;c kh&ocirc;ng ph&ugrave; hợp.</p>\r\n\r\n<p>&ldquo;C&ocirc;ng tr&igrave;nh co cụm qu&aacute; n&ecirc;n kh&ocirc;ng tốt, hệ thống thang m&aacute;y v&agrave; kh&ocirc;ng kh&iacute; kh&ocirc;ng được chuẩn n&ecirc;n t&ocirc;i nghe nhiều anh em than phiền hay nhức đầu, ngồi l&acirc;u một chỗ kh&ocirc;ng được, kh&ocirc;ng ổn&rdquo; - &ocirc;ng Huy n&oacute;i.</p>\r\n\r\n<p>&Ocirc;ng Huy c&ograve;n kiến nghị: &ldquo;Phải l&agrave;m chỗ kh&aacute;c th&ocirc;i. B&acirc;y giờ con người l&agrave; tr&ecirc;n hết, cần được quan t&acirc;m, tạo nơi c&oacute; điều kiện l&agrave;m việc tốt, nếu l&agrave;m việc trong điều kiện kh&ocirc;ng tốt th&igrave; kh&ocirc;ng đảm bảo sức khỏe&rdquo;.</p>\r\n\r\n<p>Theo &ocirc;ng T&ocirc; H&ugrave;ng, TP đang triển khai thực hiện điều chỉnh quy hoạch theo hướng mở rộng đ&ocirc; thị về ph&iacute;a t&acirc;y, n&ecirc;n &ldquo;về l&acirc;u d&agrave;i, việc nghĩ đến một TTHC mới TP Đ&agrave; Nẵng trong tương lai l&agrave; điều cần phải t&iacute;nh tới khi đ&ocirc; thị ph&igrave;nh to cả về quy m&ocirc; cũng như d&acirc;n số gấp 2-3 lần hiện nay&rdquo;.</p>\r\n\r\n<p>&Ocirc;ng Huy cũng n&oacute;i n&ecirc;n di dời TTHC đi chỗ kh&aacute;c để cho xứng tầm với một cơ quan c&ocirc;ng quyền, thể hiện được quyền lực nh&agrave; nước, thuận lợi hơn trong c&ocirc;ng t&aacute;c quản l&yacute;, điều h&agrave;nh v&agrave; với người d&acirc;n.</p>\r\n\r\n<table border=\"0\" cellpadding=\"1\" cellspacing=\"4\" class=\"dbox\">\r\n	<tbody>\r\n		<tr>\r\n			<td>\r\n			<p>Kh&ocirc;ng c&oacute; chuyện b&aacute;n cho nh&agrave; đầu tư n&agrave;o</p>\r\n\r\n			<p>Trao đổi với <em>Tuổi Trẻ</em>, &ocirc;ng Trần Đ&igrave;nh Quỳnh khẳng định: &ldquo;Đến thời điểm n&agrave;y, kh&ocirc;ng hề c&oacute; chuyện một doanh nghiệp n&agrave;o đặt vấn đề mua lại trung t&acirc;m h&agrave;nh ch&iacute;nh hay đề xuất đổi đất lấy hạ tầng. Đ&oacute; l&agrave; điều chắc chắn&rdquo;. Theo &ocirc;ng Quỳnh, l&atilde;nh đạo TP cũng t&iacute;nh to&aacute;n đến việc trong tương lai c&oacute; thể sẽ di chuyển (thay đổi) trung t&acirc;m h&agrave;nh ch&iacute;nh đến một nơi kh&aacute;c, nhưng đ&oacute; l&agrave; chuyện của tương lai chứ kh&ocirc;ng phải ng&agrave;y một ng&agrave;y hai.</p>\r\n			</td>\r\n		</tr>\r\n	</tbody>\r\n</table>\r\n', '1471068794_trung-tam-hanh-chinh-da-nang-1471049066.jpg', '1', '1471070723', '49');
INSERT INTO `news` VALUES ('40', 'Xin ý kiến Thường vụ Quốc hội về dự án Luật cảnh vệ, Luật Công an xã', 'Đức Hòa', '<p><strong>Li&ecirc;n quan về dự &aacute;n Luật cảnh vệ v&agrave; dự &aacute;n Luật C&ocirc;ng an x&atilde;, Bộ trưởng Bộ C&ocirc;ng an sẽ tr&igrave;nh b&agrave;y tờ tr&igrave;nh tại phi&ecirc;n họp thứ 2 Ủy ban Thường vụ Quốc hội&nbsp;kh&oacute;a XIV sắp tới.</strong></p>\r\n', '<p>Tại phi&ecirc;n họp thứ 2 Ủy ban Thường vụ Quốc hội kh&oacute;a XIV diễn ra từ ng&agrave;y 15/8 đến 17/8/2016 tới đ&acirc;y, Bộ trưởng Bộ C&ocirc;ng an sẽ tr&igrave;nh b&agrave;y tờ tr&igrave;nh về dự &aacute;n Luật cảnh vệ v&agrave; dự &aacute;n Luật C&ocirc;ng an x&atilde;. Ủy ban Quốc ph&ograve;ng v&agrave; An ninh của Quốc hội sẽ c&oacute; b&aacute;o c&aacute;o thẩm tra về c&aacute;c dự &aacute;n luật n&agrave;y.</p>\r\n\r\n<p>Trước đ&oacute;, ng&agrave;y 8/8, tại H&agrave; Nội, Thường trực Ủy ban Quốc ph&ograve;ng - An ninh (Quốc hội kh&oacute;a XIV) cũng đ&atilde; tổ chức phi&ecirc;n họp mở rộng thẩm tra sơ bộ dự &aacute;n Luật Cảnh vệ v&agrave; dự &aacute;n Luật C&ocirc;ng an x&atilde;.</p>\r\n\r\n<table cellpadding=\"0\" cellspacing=\"0\" class=\"picture\">\r\n	<tbody>\r\n		<tr>\r\n			<td><img alt=\"Hình ảnh Xin ý kiến Thường vụ Quốc hội  về dự án Luật cảnh vệ, Luật Công an xã số 1\" src=\"http://media.tinmoi.vn/2016/08/13/0808201628%20quochoi1.jpg\" title=\"Xin ý kiến Thường vụ Quốc hội  về dự án Luật cảnh vệ, Luật Công an xã - ảnh 1\" /></td>\r\n		</tr>\r\n		<tr>\r\n			<td>\r\n			<h2>Đại tướng Đỗ B&aacute; Tỵ, Ph&oacute; Chủ tịch Quốc hội c&ugrave;ng c&aacute;c đại biểu&nbsp;thẩm tra sơ bộ dự &aacute;n Luật Cảnh vệ v&agrave; dự &aacute;n Luật C&ocirc;ng an x&atilde;. Ảnh: QĐND</h2>\r\n			</td>\r\n		</tr>\r\n	</tbody>\r\n</table>\r\n\r\n<div class=\"post-content\">\r\n<div>\r\n<p>Đồng ch&iacute; Đại tướng Đỗ B&aacute; Tỵ, Ủy vi&ecirc;n Trung ương Đảng, Ph&oacute; chủ tịch Quốc hội dự v&agrave; chỉ đạo. Đồng ch&iacute; Thượng tướng V&otilde; Trọng Việt, Ủy vi&ecirc;n Trung ương Đảng, Chủ nhiệm Ủy ban Quốc ph&ograve;ng v&agrave; An ninh (QP-AN) của Quốc hội chủ tr&igrave; phi&ecirc;n họp. Theo kế hoạch đ&atilde; x&aacute;c định, buổi s&aacute;ng c&aacute;c đại biểu thẩm tra dự &aacute;n Luật Cảnh vệ, buổi chiều thẩm tra Luật CAX.</p>\r\n\r\n<div class=\"box-news-suggest\" id=\"add\" style=\"float: left;\">\r\n<div class=\"box-news-suggest-content\" id=\"1175815\"><img alt=\"Cần chỉnh lý thêm dự án Luật đất đai sửa đổi\" class=\"img-130x85\" src=\"http://media.tinmoi.vn/thumb/2012/12/15/66_7_1355535355_97_14122012_UBTVQH_13_634911276347392077_thumb_140x88.jpg\" /> <a class=\"box-news-suggest-a\" href=\"http://www.tinmoi.vn/can-chinh-ly-them-du-an-luat-dat-dai-sua-doi-011175815.html\" target=\"_blank\" title=\"Cần chỉnh lý thêm dự án Luật đất đai sửa đổi\">Cần chỉnh l&yacute; th&ecirc;m dự &aacute;n Luật đất đai sửa đổi</a></div>\r\n\r\n<div class=\"box-news-suggest-content\" id=\"1210848\"><img alt=\"ĐBQH Hoàng Hữu Phước và những luận đàm về các dự án Luật\" class=\"img-130x85\" src=\"http://media.tinmoi.vn/thumb/2013/02/19/46_7_1361235672_66_hoang-huu-phuoc-giaoduc.net.vn_thumb_140x88.jpg\" /> <a class=\"box-news-suggest-a\" href=\"http://www.tinmoi.vn/dbqh-hoang-huu-phuoc-va-nhung-luan-dam-ve-cac-du-an-luat-011210848.html\" target=\"_blank\" title=\"ĐBQH Hoàng Hữu Phước và những luận đàm về các dự án Luật\">ĐBQH Ho&agrave;ng Hữu Phước v&agrave; những luận đ&agrave;m về c&aacute;c dự &aacute;n Luật</a></div>\r\n</div>\r\n\r\n<div id=\"innity-in-post\">&nbsp;</div>\r\n\r\n<p>Tại phi&ecirc;n họp, c&aacute;c &yacute; kiến đ&oacute;ng g&oacute;p đều t&aacute;n th&agrave;nh về sự cần thiết ban h&agrave;nh như tờ tr&igrave;nh của Ch&iacute;nh phủ về hai dự &aacute;n Luật bởi ban h&agrave;nh hai luật n&agrave;y l&agrave; thực hiện quy định của Hiến ph&aacute;p năm 2013 về &ldquo;hạn chế quyền con người, quyền c&ocirc;ng d&acirc;n l&agrave; phải do luật định&rdquo;.</p>\r\n\r\n<p>Với Dự &aacute;n Luật Cảnh vệ, nhiều &yacute; kiến ph&acirc;n t&iacute;ch l&agrave;m r&otilde;, trong 10 năm qua, c&oacute; nhiều yếu tố mới li&ecirc;n quan c&ocirc;ng t&aacute;c cảnh vệ m&agrave; Ph&aacute;p lệnh cảnh vệ đ&atilde; bộc lộ một số hạn chế, bất cập cần phải được ho&agrave;n thiện. Việc x&acirc;y dựng Luật C&ocirc;ng an x&atilde; cũng rất cần thiết để bảo đảm sự đồng bộ, thống nhất với c&aacute;c Luật mới được ban h&agrave;nh.</p>\r\n\r\n<p>Đặc biệt c&oacute; &yacute; kiến nhấn mạnh rằng, hiện nay việc bảo đảm an ninh, trật tự an to&agrave;n x&atilde; hội ở cơ sở của hơn 80% địa b&agrave;n tr&ecirc;n cả nước do lực lượng C&ocirc;ng an x&atilde; thực hiện. Do đ&oacute;, hoạt động của lực lượng C&ocirc;ng an x&atilde; c&oacute; t&aacute;c động lớn đến to&agrave;n x&atilde; hội, rất cần thiết phải điều chỉnh bằng Luật.</p>\r\n\r\n<p>Nội dung bản dự thảo Luật C&ocirc;ng an x&atilde; được x&acirc;y dựng v&agrave; đưa ra lấy &yacute; kiến tại Hội thảo lần n&agrave;y bao gồm 7 chương, 53 điều trong đ&oacute; c&oacute; quy định về chức năng, nhiệm vụ, quyền hạn, tổ chức v&agrave; hoạt động của C&ocirc;ng an x&atilde;; C&aacute;c quy định về đ&agrave;o tạo, bồi dưỡng, huấn luyện;&nbsp; C&aacute;c quy định về chế độ, ch&iacute;nh s&aacute;ch v&agrave; bảo đảm điều kiện l&agrave;m việc đối với lực lượng C&ocirc;ng an x&atilde; v&agrave; C&ocirc;ng t&aacute;c quản l&yacute; nh&agrave; nước về C&ocirc;ng an x&atilde;.</p>\r\n</div>\r\n</div>\r\n', '1471068956_66_7_1355535355_97_14122012_ubtvqh_13_634911276347392077.jpg', '1', '1471068956', '47');
INSERT INTO `news` VALUES ('41', 'Đường băng sân bay Nội Bài, Tân Sơn Nhất bị hằn lún', 'VnExpress', '<p>Đường cất hạ c&aacute;nh tại hai s&acirc;n bay Nội B&agrave;i v&agrave; T&acirc;n Sơn Nhất d&ugrave; được sửa chữa nhưng vẫn xuất hiện vị tr&iacute; hằn l&uacute;n cục bộ, c&oacute; dấu hiệu xuống cấp phải sửa chữa.</p>\r\n', '<div id=\"article-body\">\r\n<p>Cục H&agrave;ng kh&ocirc;ng vừa kiến nghị Bộ Giao th&ocirc;ng Vận tải chỉ đạo Tổng c&ocirc;ng ty Cảng h&agrave;ng kh&ocirc;ng Việt Nam (ACV) đầu tư cải tạo, n&acirc;ng cấp hai đường cất hạ c&aacute;nh tại s&acirc;n bay Nội B&agrave;i v&agrave; T&acirc;n Sơn Nhất.</p>\r\n\r\n<p>Theo l&atilde;nh đạo Cục H&agrave;ng kh&ocirc;ng, tần suất khai th&aacute;c tại T&acirc;n Sơn Nhất v&agrave; Nội B&agrave;i đang tăng rất cao, với nhiều t&agrave;u bay th&acirc;n lớn hiện đại như Airbus A350-900 v&agrave; Boeing B787-9. Trong khi đ&oacute;, đường cất hạ c&aacute;nh tại hai s&acirc;n bay đ&atilde; xuất hiện hằn l&uacute;n, c&oacute; dấu hiệu xuống cấp phải sửa chữa.</p>\r\n\r\n<p>Cụ thể, đường 25R/07L đ&atilde; phải đ&oacute;ng cửa hai lần để sửa chữa, một lần trong th&aacute;ng 7/2015 v&agrave; gần đ&acirc;y l&agrave; ng&agrave;y 20/7. Với hiện trạng n&agrave;y, việc khai th&aacute;c c&aacute;c loại t&agrave;u bay th&acirc;n lớn chưa thực sự hiệu quả do phải giảm tải khai th&aacute;c thương mại.&nbsp;</p>\r\n\r\n<p>Để đảm bảo an to&agrave;n v&agrave; n&acirc;ng cao năng lực hai Cảng h&agrave;ng kh&ocirc;ng quốc tế lớn nhất nước, từ giữa năm 2015, Cục H&agrave;ng kh&ocirc;ng nhiều lần y&ecirc;u cầu ACV lập phương &aacute;n sửa chữa, cải tạo, n&acirc;ng cấp c&aacute;c đường cất hạ c&aacute;nh. Tuy nhi&ecirc;n đến nay, ph&iacute;a ACV vẫn chưa c&oacute; động th&aacute;i g&igrave;.</p>\r\n\r\n<p>Theo Cục H&agrave;ng kh&ocirc;ng, hai đường cất hạ c&aacute;nh được x&acirc;y dựng, khai th&aacute;c từ những năm 1960. Những năm qua, c&aacute;c đường băng được n&acirc;ng cấp bằng c&aacute;ch phủ th&ecirc;m lớp b&ecirc;t&ocirc;ng nhựa polymer. Khoảng 10 năm gần đ&acirc;y, tất cả bề mặt đường cất hạ c&aacute;nh xuất hiện t&igrave;nh trạng l&uacute;n nứt cục bộ, l&agrave;m giảm khả năng khai th&aacute;c.&nbsp;</p>\r\n\r\n<p>Ng&agrave;y 20/7, đường băng 25R/07L của s&acirc;n bay T&acirc;n Sơn Nhất bị s&eacute;t đ&aacute;nh vỡ mặt b&ecirc;t&ocirc;ng. Mảnh vỡ rộng khoảng 40x60 cm. S&acirc;n bay phải đ&oacute;ng cửa đường băng để xử l&yacute; chỗ hư hỏng n&ecirc;n lịch bay của nhiều h&atilde;ng h&agrave;ng kh&ocirc;ng bị x&aacute;o trộn.&nbsp;</p>\r\n</div>\r\n\r\n<p><em>Theo VnExpress</em></p>\r\n', '1471069066_may_bay_8366_1471059586_jxup.jpg', '1', '1471070706', '48');
INSERT INTO `news` VALUES ('42', 'Mối tình đẹp như mơ của cặp đôi Olympic', 'Humie ', '<p>H&igrave;nh ảnh đẹp nhất trong trận đấu ng&agrave;y h&ocirc;m qua của Nguyễn Tiến Minh tại Olympic Rio 2016 kh&ocirc;ng g&igrave; kh&aacute;c ngo&agrave;i khoảnh khắc Vũ Thị Trang &ndash; vợ sắp cưới của anh, ra s&acirc;n động vi&ecirc;n, tiếp lửa sau set đấu thất bại trước đối thủ người Nga Vladimir Malkov.</p>\r\n', '<p>Được đ&aacute;nh gi&aacute; l&agrave; dưới cơ so với đối thủ v&igrave; sự ch&ecirc;nh lệch kh&aacute; lớn về chiều cao v&agrave; thể lực, Tiến Minh đ&atilde; từng để thua 2-0 trước tuyển thủ cao tới 1m9 n&agrave;y ở trận đấu gần đ&acirc;y.Điều đ&oacute; tạo n&ecirc;n t&acirc;m l&iacute; kh&aacute; nặng nề cho Tiến Minh trước khi bắt đầu set đấu. Bị dẫn trước ở set đầu c&agrave;ng khiến t&acirc;m trạng Tiến Minh xuống dốc. Đối với đội tuyển Việt Nam m&agrave; n&oacute;i, chiến thắng của Tiến Minh l&agrave; điều kh&ocirc;ng tưởng.</p>\r\n\r\n<p style=\"text-align:center\">&nbsp;<img alt=\"\" src=\"http://static.24h.com.vn/images/2014/share-gg.gif\" style=\"height:20px; width:67px\" /><img alt=\"Mối tình đẹp như mơ của cặp đôi Olympic - 2\" class=\"news-image\" src=\"http://image.24h.com.vn/upload/3-2016/images/2016-08-13/1471061419-20160812-031952-minhtrang2-1470979702496_600x316.jpg\" /></p>\r\n\r\n<p>C&oacute; lẽ nếu một th&acirc;n một m&igrave;nh đi chinh chiến ở xứ người, Tiến Minh c&oacute; thể đ&atilde; nhận một thất bại đầy cay đắng. Nhưng sự xuất hiện ở qu&atilde;ng nghỉ giữa hiệp 2 của một &quot;vị huấn luyện vi&ecirc;n&quot; đặc biệt đ&atilde; gi&uacute;p anh lội ngược d&ograve;ng, gi&agrave;nh chiến thắng chung cuộc trước đối thủ tầm cỡ. &quot;Vị huấn luyện vi&ecirc;n&quot; ấy kh&ocirc;ng ai kh&aacute;c ch&iacute;nh l&agrave; người bạn đời tương lai của anh &ndash; tuyển thủ cầu l&ocirc;ng Vũ Thị Trang cũng c&oacute; mặt tại Rio cho k&igrave; Olympic đầu ti&ecirc;n của m&igrave;nh.</p>\r\n\r\n<p style=\"text-align:center\">&nbsp;<img alt=\"\" src=\"http://static.24h.com.vn/images/2014/share-gg.gif\" style=\"height:20px; width:67px\" /><img alt=\"Mối tình đẹp như mơ của cặp đôi Olympic - 3\" class=\"news-image\" src=\"http://image.24h.com.vn/upload/3-2016/images/2016-08-13/1471061429-20160812-032045-minh_480x289.jpg\" style=\"height:289px; width:480px\" /></p>\r\n\r\n<p>Hơn hẳn với những g&igrave; một vị huấn luyện vi&ecirc;n c&oacute; thể mang lại, Vũ Thị Trang c&ograve;n d&ugrave;ng sự &acirc;n cần, tin tưởng của m&igrave;nh động vi&ecirc;n Tiến Minh vượt qua trở ngại trong t&acirc;m l&iacute; để c&oacute; thể trở lại trận đấu với t&acirc;m thế vững v&agrave;ng nhất. Từ b&ecirc;n ngo&agrave;i, c&ocirc; c&oacute; cơ hội quan s&aacute;t to&agrave;n bộ trận đấu, nắm bắt được điểm mạnh yếu của Tiến Minh v&agrave; đối thủ nước bạn, từ đ&oacute; vạch ra chiến lược gi&uacute;p Tiến Minh gi&agrave;nh chiến thắng ở 2 set đấu tiếp theo.</p>\r\n\r\n<p>C&oacute; thể thấy, sau sự &quot;chỉ đạo&quot; của Vũ Thị Trang, Tiến Minh gần như lột x&aacute;c, trở lại đầy m&atilde;nh mẽ, dứt kho&aacute;t trong từng c&uacute; giao cầu v&agrave; cực k&igrave; nhanh nhạy trong việc ph&ograve;ng thủ những c&uacute; đ&aacute;p cầu chuẩn x&aacute;c của đối phương. Chung cuộc, Tiến Minh đ&aacute;nh bại tuyển thủ người Nga với tỉ số 2-1.</p>\r\n\r\n<p style=\"text-align:center\">&nbsp;<img alt=\"\" src=\"http://static.24h.com.vn/images/2014/share-gg.gif\" style=\"height:20px; width:67px\" /><img alt=\"Mối tình đẹp như mơ của cặp đôi Olympic - 4\" class=\"news-image\" src=\"http://image.24h.com.vn/upload/3-2016/images/2016-08-13/1471061446-20160812-032136-tien-minh-1_480x270.jpg\" style=\"height:270px; width:480px\" /></p>\r\n\r\n<p>Kết th&uacute;c trận đấu của m&igrave;nh, Tiến Minh lại thay Vũ Thị Trang l&agrave;m &quot;vị huấn luyện vi&ecirc;n&quot; đặc biệt của c&ocirc; khi Trang bước v&agrave;o trận đấu đầu ti&ecirc;n của m&igrave;nh ở đấu trường Thế vận hội. Đ&acirc;y c&oacute; lẽ l&agrave; h&igrave;nh ảnh chưa từng xuất hiện trong tiền lệ Olympic, khi tuyển thủ kh&ocirc;ng hề c&oacute; huấn luyện vi&ecirc;n chuy&ecirc;n nghiệp đi k&egrave;m m&agrave; c&aacute;c đồng đội tự huấn luyện cho nhau.</p>\r\n\r\n<p>C&aacute;c h&atilde;ng th&ocirc;ng tấn cũng như b&aacute;o ch&iacute; của nhiều nước đ&atilde; tỏ ra v&ocirc; c&ugrave;ng ngạc nhi&ecirc;n khi ghi lại những khoảnh khắc n&agrave;y. C&oacute; lẽ trong suốt sự nghiệp săn tin của m&igrave;nh, họ chưa từng gặp một c&acirc;u chuyện t&igrave;nh y&ecirc;u n&agrave;o đẹp đến như thế. V&agrave; c&oacute; lẽ trong những ng&agrave;y thi đấu tiếp theo, cặp đ&ocirc;i Tiến Minh &ndash; Vũ Thị Trang vẫn sẽ tiếp tục g&acirc;y ấn tượng với cả Thế vận hội theo c&aacute;ch m&agrave; họ lưu lại dấu ấn trong ng&agrave;y thi đấu đầu ti&ecirc;n như thế.</p>\r\n\r\n<p style=\"text-align:center\">&nbsp;<img alt=\"\" src=\"http://static.24h.com.vn/images/2014/share-gg.gif\" style=\"height:20px; width:67px\" /><img alt=\"Mối tình đẹp như mơ của cặp đôi Olympic - 5\" class=\"news-image\" src=\"http://image.24h.com.vn/upload/3-2016/images/2016-08-13/1471061456-20160812-032230-20160530164523-dsc-4466-1464607542508_600x432.jpg\" style=\"height:360px; width:500px\" /></p>\r\n\r\n<p>Đi thi đấu ở một đấu trường lớn như thế, nhưng Tiến Minh v&agrave; Vũ Thị Trang lại kh&ocirc;ng hề c&oacute; bất cứ ekip hỗ trợ n&agrave;o, ngay cả huấn luyện vi&ecirc;n hay b&aacute;c sĩ &ndash; những người trợ gi&uacute;p cơ bản nhất của một vận động vi&ecirc;n. Cũng ch&iacute;nh v&igrave; sự thiếu thốn n&agrave;y m&agrave; cả hai c&oacute; cơ hội dựa dẫm v&agrave;o nhau nhiều hơn, chăm s&oacute;c, động vi&ecirc;n nhau nhiều hơn, gi&uacute;p t&igrave;nh y&ecirc;u của hai người lớn th&ecirc;m một ch&uacute;t nữa.</p>\r\n\r\n<p>Tiến Minh đ&atilde; từng c&ocirc; đơn, lủi thủi một m&igrave;nh tr&ecirc;n s&acirc;n cầu suốt 10 năm cho tới khi gặp được Vũ Thị Trang. Từng lọt v&agrave;o top 5 vận động vi&ecirc;n h&agrave;ng đầu thế giới, với đẳng cấp của anh, lẽ ra đ&atilde; phải c&oacute; một ekip chuy&ecirc;n nghiệp đi theo hỗ trợ, nhưng Tiến Minh c&oacute; lẽ kh&ocirc;ng d&aacute;m mơ đến ng&agrave;y đ&oacute;.</p>\r\n\r\n<p style=\"text-align:center\">&nbsp;<img alt=\"\" src=\"http://static.24h.com.vn/images/2014/share-gg.gif\" style=\"height:20px; width:67px\" /><img alt=\"Mối tình đẹp như mơ của cặp đôi Olympic - 6\" class=\"news-image\" src=\"http://image.24h.com.vn/upload/3-2016/images/2016-08-13/1471061463-20160812-032324-minh660_600x363.jpg\" style=\"height:302px; width:500px\" /></p>\r\n\r\n<p>D&ugrave; khả năng gi&agrave;nh huy chương của cặp đ&ocirc;i Tiến Minh &ndash; Vũ Thị Trang ở Olympic Rio l&agrave; kh&ocirc;ng cao nhưng những h&igrave;nh ảnh m&agrave; hai tuyển thủ đ&atilde; để lại cũng đủ khiến cả thế giới phải ngưỡng mộ. T&igrave;nh y&ecirc;u của họ xuất ph&aacute;t từ tr&aacute;i tim, thăng hoa trong niềm đam m&ecirc; thể thao v&agrave; lớn mạnh trong m&agrave;u cờ sắc &aacute;o. Đ&acirc;y ch&iacute;nh l&agrave; c&acirc;u chuyện ng&ocirc;n t&igrave;nh giữa đời thường rất thực, rất đ&aacute;ng tr&acirc;n trọng.</p>\r\n', '1471069292_1471061410-20160812-031906-sequence-01-00-39-55-43-still203-1470940897972-crop-1470940937083_600x399.jpg', '1', '1471069292', '47');

-- ----------------------------
-- Table structure for user
-- ----------------------------
DROP TABLE IF EXISTS `user`;
CREATE TABLE `user` (
  `id` int(10) NOT NULL AUTO_INCREMENT,
  `user` varchar(200) NOT NULL,
  `pass` varchar(100) NOT NULL,
  `level` tinyint(3) NOT NULL DEFAULT '2',
  PRIMARY KEY (`id`),
  UNIQUE KEY `index_username` (`user`)
) ENGINE=InnoDB AUTO_INCREMENT=17 DEFAULT CHARSET=utf8;

-- ----------------------------
-- Records of user
-- ----------------------------
INSERT INTO `user` VALUES ('1', 'admin', '202cb962ac59075b964b07152d234b70', '1');
INSERT INTO `user` VALUES ('2', 'tap1', '202cb962ac59075b964b07152d234b70', '2');
INSERT INTO `user` VALUES ('3', 'tap_admin', '202cb962ac59075b964b07152d234b70', '1');
INSERT INTO `user` VALUES ('4', 'aaa', '202cb962ac59075b964b07152d234b70', '1');
INSERT INTO `user` VALUES ('5', 'aa', '202cb962ac59075b964b07152d234b70', '2');
INSERT INTO `user` VALUES ('7', 'sadsadsadsad', 'e10adc3949ba59abbe56e057f20f883e', '1');
INSERT INTO `user` VALUES ('8', 'abc@abc.abc', '202cb962ac59075b964b07152d234b70', '2');
INSERT INTO `user` VALUES ('9', '', '202cb962ac59075b964b07152d234b70', '2');
INSERT INTO `user` VALUES ('10', 'adasd@asda.adsa', '202cb962ac59075b964b07152d234b70', '2');
INSERT INTO `user` VALUES ('12', 'xyz@xyz.xyz', '202cb962ac59075b964b07152d234b70', '2');
INSERT INTO `user` VALUES ('16', 'aaaa@a.aa', '202cb962ac59075b964b07152d234b70', '2');
SET FOREIGN_KEY_CHECKS=1;
